id,conversation_id,user_id,content,message_type,is_struck,created_at,edited_at,deleted_at
1,1,2,"https://docs.google.com/presentation/d/1-14my0Irr9WcoIvfsuW2_zCbuUpkv9PJ8bPFnrMlLAQ/edit?usp=sharing, https://docs.google.com/presentation/d/11fHKG8hcSbUvQ_eI2Oq2unxE2FIV_l_hYbwUuez5X0Y/edit?usp=sharing, https://docs.google.com/presentation/d/1FO7iDmIXP2EmRsij7S2wDVgV2LjDRXmx075e56Ctndg/edit?usp=sharing, https://docs.google.com/presentation/d/1XUD7PN54lgKgIA58pKmm5AH4R9F0aADHVmrVy-V2qVs/edit?usp=sharing, https://docs.google.com/presentation/d/1imXAMJZbHH0cfFEceAzFilh1HyEiusz5FQJJRtxKOTw/edit?usp=sharing, https://docs.google.com/presentation/d/1jQHaA1zTS1S9T8-U6TXstxy9s3y-2hyXHpPyjaIjA2Q/edit?usp=sharing",text,0,2025-01-02 11:45:33.692854,,
2,2,2,https://www.booking.com/hotel/th/see-stars-amp-forest-resort.th.html?label=Low_CPA_English_EN_TH_21461894065-NtsmsSSAh1YhRgIXd7ExQAS217246540464%3Apl%3Ata%3Ap1%3Ap2%3Aac%3Aap%3Aneg%3Afi%3Atidsa-64416090385%3Alp9073384%3Ali%3Adec%3Adm&sid=b0c7914c1f2db0120d444aa3243462f4&aid=318615&ucfs=1&checkin=2025-01-27&checkout=2025-01-28&dest_id=0&dest_type=latlong&group_adults=2&no_rooms=1&group_children=1&age=0&req_age=0&matching_block_id=1039920802_395701070_2_1_0&atlas_src=sr_iw_title#_,text,0,2025-01-04 05:54:39.230815,,
3,3,2,https://social.mtdv.me/giveaways/--WYPgSD2S,text,0,2025-01-04 06:02:03.443282,,
4,3,2,https://www.bbc.co.uk/bitesize/topics/zj6pyrd/articles/z3tbgk7,text,0,2025-01-04 06:52:26.579819,,
5,3,7,is it safe,text,0,2025-01-04 06:53:03.214755,,
6,3,7,is it safe,text,0,2025-01-04 06:53:06.797786,,
7,3,2,It is safe,text,0,2025-01-04 06:53:11.207552,,
8,3,7,"jdrnydrhbjithdrfji
jbih6ihb",text,0,2025-01-04 07:03:43.702064,,
9,3,7,ywny5njsysnj5ys5ynss,text,0,2025-01-04 07:03:52.888228,,
10,3,2,"Game 1 - https://www.coolmathgames.com/0-blue-turn
Game 2 - https://www.safekidgames.com/block-triangle-puzzle/
Game 3 - https://www.coolmathgames.com/0-cactu-sama-2",text,0,2025-01-04 07:04:21.792654,,
11,3,4,hello,text,0,2025-01-04 07:05:12.661367,,
12,3,4,hello,text,0,2025-01-04 07:05:21.848909,,
13,4,2,"Game 1 - https://www.coolmathgames.com/0-cut-the-rope-magic
Game 2 - https://www.coolmathgames.com/0-crazy-eights",text,0,2025-01-04 08:31:36.476789,,
14,4,2,Game 1: https://www.typinggames.zone/typool-multiplayer-typing-game,text,0,2025-01-04 08:35:38.085513,,
15,4,2,Game 1 - https://www.typinggames.zone/typing-racer-multiplayer,text,0,2025-01-04 08:37:11.013963,,
16,5,2,D,text,0,2025-01-07 12:02:17.251718,,
17,5,7,suiii,text,0,2025-01-11 07:24:52.156716,,
18,5,2,"Game 1 - https://www.coolmathgames.com/0-fireboy-watergirl-2-light-temple
Game 2 - https://www.logicgamesonline.com/lightsout/",text,0,2025-01-11 07:24:58.335720,,
19,6,2,"Game 1 - https://www.puzzleplayground.com/all_flee.html
Game 2 - https://www.puzzleplayground.com/unpuzzle_2.html",text,0,2025-01-11 08:39:12.471393,,
20,7,2,"Game 1 - https://www.puzzleplayground.com/soko_gem.html
Game 2 - https://www.coolmathgames.com/0-blue",text,0,2025-01-12 07:14:13.426759,,
21,8,2,"Game 1 - https://www.puzzleplayground.com/puzzle_slide.html
Game 2 - https://www.coolmathgames.com/0-bokdown
Game 3 - https://www.puzzleplayground.com/matchkey.html",text,0,2025-01-14 10:12:15.622014,,
22,9,7,hi,text,0,2025-01-18 06:37:14.782526,,
23,9,2,Crack the Code Game - https://kids.nationalgeographic.com/games/action-adventure/article/crack-the-code-1,text,0,2025-01-18 06:37:17.366260,,
24,9,2,"Game 1 - https://www.crazygames.com/game/block-puzzle
Game 2 - https://www.thelogicgame.com/games/rope/index.html",text,0,2025-01-18 06:57:30.823014,,
25,10,2,"Game 3 - https://www.coolmathgames.com/0-brick-breaker
Game 4 - https://www.safekidgames.com/happy-filled-glass-4/",text,0,2025-01-21 11:34:53.633449,,
26,10,32,Poo is good,text,0,2025-01-21 11:36:51.737821,,
27,10,32,"A;gr fdg\
Fb [yg;afF",text,0,2025-01-21 11:37:45.320829,,
28,10,32,ABCDEFGHIJKLMNOPQRSTUVWXYZABCDEFGHIJKLMNOPQRSTUVWXYZABCDEFGHIJKLMNOPQRSTUVWXYZABCDEFGHIJKLMNOPQRSTUVWXYZABCDEFGHIJKLMNOPQRSTUVWXYZABCDEFGHIJKLMNOPQRSTUVWXYZABCDEFGHIJKLMNOPQRSTUVWXYZABCDEFGHIJKLMNOPQRSTUVWXYZABCDEFGHIJKLMNOPQRSTUVWXYZABCDEFGHIJKLMNOPQRSTUVWXYZABCDEFGHIJKLMNOPQRSTUVWXYZABCDEFGHIJKLMNOPQRSTUVWXYZABCDEFGHIJKLMNOPQRSTUVWXYZABCDEFGHIJKLMNOPQRSTUVWXYZABCDEFGHIJKLMNOPQRSTUVWXYZABCDEFGHIJKLMNOPQRSTUVWXYZABCDEFGHIJKLMNOPQRSTUVWXYZABCDEFGHIJKLMNOPQRSTUVWXYZABCDEFGHIJKLMNOPQRSTUVWXYZABCDEFGHIJKLMNOPQRSTUVWXYZABCDEFGHIJKLMNOPQRSTUVWXYZABCDEFGHIJKLMNOPQRSTUVWXYZABCDEFGHIJKLMNOPQRSTUVWXYZABCDEFGHIJKLMNOPQRSTUVWXYZABCDEFGHIJKLMNOPQRSTUVWXYZABCDEFGHIJKLMNOPQRSTUVWXYZABCDEFGHIJKLMNOPQRSTUVWXYZABCDEFGHIJKLMNOPQRSTUVWXYZABCDEFGHIJKLMNOPQRSTUVWXYZABCDEFGHIJKLMNOPQRSTUVWXYZABCDEFGHIJKLMNOPQRSTUVWXYZABCDEFGHIJKLMNOPQRSTUVWXYZABCDEFGHIJKLMNOPQRSTUVWXYZABCDEFGHIJKLMNOPQRSTUVWXYZABCDEFGHIJKLMNOPQRSTUVWXYZABCDEFGHIJKLMNOPQRSTUVWXYZABCDEFGHIJKLMNOPQRSTUVWXYZABCDEFGHIJKLMNOPQRSTUVWXYZABCDEFGHIJKLMNOPQRSTUVWXYZABCDEFGHIJKLMNOPQRSTUVWXYZABCDEFGHIJKLMNOPQRSTUVWXYZABCDEFGHIJKLMNOPQRSTUVWXYZABCDEFGHIJKLMNOPQRSTUVWXYZABCDEFGHIJKLMNOPQRSTUVWXYZ,text,0,2025-01-21 11:39:03.715601,,
29,10,51,red light green light you move you died,text,0,2025-01-21 11:40:11.565847,,
30,11,7,hi,text,0,2025-01-25 06:35:26.770603,,
31,11,10,hi,text,0,2025-01-25 06:35:29.243052,,
32,11,2,"1.	In which country would you find the ancient Incan city of Machu Picchu?
2.	What is the largest desert in the world?
3.	Which country is home to the Great Barrier Reef?
4.	What is the name of the highest waterfall in the world?
5.	Which country is home to the world's largest rainforest?
6.	What is the capital city of Japan?
7.	What is the name of the river that flows through Egypt?
8.	Which U.S. state is home to Yellowstone National Park?
9.	What is the name of the largest lake in Africa?
10.	In which country would you find the city of Venice?
11.	What is the tallest mountain in Africa?
12.	Which country has the most lakes in the world?
13.	What is the largest island in the Mediterranean Sea?
14.	Which city is the capital of New Zealand?
15.	In which country would you find the ancient city of Petra?
16.	What is the name of the river that runs through Paris?
17.	Which U.S. state is home to the Grand Canyon?",text,0,2025-01-25 06:35:31.222192,,
33,11,6,2 Dubai,text,0,2025-01-25 06:35:45.407821,,
34,11,6,6 tokyo,text,0,2025-01-25 06:36:07.073667,,
35,11,2,Incorrect,text,0,2025-01-25 06:36:11.231777,,
36,11,2,2 Incorrect,text,0,2025-01-25 06:36:20.258437,,
37,11,7,1 the Sahara desert,text,0,2025-01-25 06:36:34.571525,,
38,11,10,1.sahara,text,0,2025-01-25 06:37:02.102950,,
39,11,2,1 Incorrect,text,0,2025-01-25 06:37:24.717528,,
40,11,6,1 peru,text,0,2025-01-25 06:37:53.288198,,
41,11,7,2 sahara,text,0,2025-01-25 06:38:04.209775,,
42,11,7,3 Australia,text,0,2025-01-25 06:38:56.041923,,
43,11,10,4.Angel Falls,text,0,2025-01-25 06:38:56.747631,,
44,11,6,4 angel fall,text,0,2025-01-25 06:39:09.273112,,
45,11,7,10 italy,text,0,2025-01-25 06:39:53.718054,,
46,11,10,6.Toykyo,text,0,2025-01-25 06:39:55.317617,,
47,11,6,9 Lake Victoria,text,0,2025-01-25 06:39:57.814912,,
48,11,6,14 Wellington,text,0,2025-01-25 06:40:39.656291,,
49,11,10,11.mount Kilimanjaro,text,0,2025-01-25 06:41:00.722853,,
50,11,6,10 italy,text,0,2025-01-25 06:41:27.033117,,
51,11,10,14.Wellington,text,0,2025-01-25 06:42:09.951493,,
52,11,6,17 arizona,text,0,2025-01-25 06:42:30.070243,,
53,11,10,15.the seine river,text,0,2025-01-25 06:43:20.631242,,
54,11,6,5 the Amazon,text,0,2025-01-25 06:44:27.333780,,
55,11,10,12.canada,text,0,2025-01-25 06:44:45.252505,,
56,11,7,"1Machu Picchu is in Peru.
2The largest desert in the world is the Sahara, but if you count cold deserts, it’s the Antarctic Desert.
3The Great Barrier Reef is in Australia.
The highest waterfall in the world is Angel Falls in Venezuela.
The world’s largest rainforest is the Amazon Rainforest, and it’s in Brazil.
The capital city of Japan is Tokyo.
4The river that flows through Egypt is the Nile.
5Yellowstone National Park is in Wyoming, USA.
6The largest lake in Africa is Lake Victoria.
Venice is in Italy.
The tallest mountain in Africa is Mount Kilimanjaro, in Tanzania.
Canada has the most lakes in the world.
7The largest island in the Mediterranean Sea is Sicily.
8The capital city of New Zealand is Wellington.
9The ancient city of Petra is in Jordan.
10The river that runs through Paris is the Seine.
The Grand Canyon is in Arizona, USA.",text,0,2025-01-25 06:44:57.687686,,
57,11,6,8 Wyoming,text,0,2025-01-25 06:46:12.772838,,
58,11,7,5 brazil,text,0,2025-01-25 06:46:15.234761,,
59,11,10,15.Jordan,text,0,2025-01-25 06:46:52.564720,,
60,11,7,13 Sicily,text,0,2025-01-25 06:47:01.597435,,
61,11,6,7 nile,text,0,2025-01-25 06:47:10.997844,,
62,11,7,15 Petra,text,0,2025-01-25 06:47:19.772662,,
63,11,2,1. https://codecombat.com,text,0,2025-01-25 06:50:10.244128,,
64,11,2,Question 2,text,0,2025-01-25 06:53:03.883349,,
65,11,2,"Challenge Tasks (2 ducks):
1.	Find a page that includes the phrase ""renewable energy"" but exclude ""solar panels.
2.	Find a page that includes the phrase ""artificial intelligence"" but excludes ""machine learning.""
3.	Find information on ""Mars exploration"" only from NASA’s website. (Hint: Use site:nasa.gov.)
4.	Look for a PowerPoint presentation on ""photosynthesis."" (Hint: Use filetype:ppt.)
5.	Search for a Word document on ""Shakespearean sonnets."" (Hint: Use filetype:doc or filetype:docx.)
6.	Look for a PDF on ""urban planning."" (Hint: Use filetype:pdf.)
7.	Search for a PowerPoint presentation on ""modern art."" (Hint: Use filetype:ppt or filetype:pptx.)",text,0,2025-01-25 06:58:06.353510,,
66,11,6,1 https://www.un.org/en/climatechange/what-is-renewable-energy,text,0,2025-01-25 06:59:39.041345,,
67,11,6,1 https://www.un.org/en/climatechange/what-is-renewable-energy,text,0,2025-01-25 06:59:39.088287,,
68,11,2,test,text,0,2025-01-25 07:00:53.957707,,
69,11,6,1https://www.egat.co.th/home/en/renewables/,text,0,2025-01-25 07:01:21.943161,,
70,11,2,test,text,0,2025-01-25 07:01:30.864361,,
71,11,2,test,text,0,2025-01-25 07:03:22.554625,,
72,11,6,7https://www.slideshare.net/slideshow/modern-arts-57550962/57550962,text,0,2025-01-25 07:04:21.701513,,
73,11,10,6.https://unhabitat.org/sites/default/files/2022/07/chapter_6_wcr_2022.pdf,text,0,2025-01-25 07:04:38.443750,,
74,11,6,3https://science.nasa.gov/mars/,text,0,2025-01-25 07:06:33.514064,,
75,11,6,2https://www.techtarget.com/searchenterpriseai/definition/AI-Artificial-Intelligence,text,0,2025-01-25 07:07:45.690578,,
76,11,6,2https://builtin.com/artificial-intelligence,text,0,2025-01-25 07:08:22.949115,,
77,11,10,7.,text,0,2025-01-25 07:08:39.350329,,
78,11,6,2https://www.coursera.org/articles/what-is-artificial-intelligence,text,0,2025-01-25 07:09:03.760954,,
79,11,6,4https://www.slideshare.net/slideshow/photosynthesis-43829124/43829124,text,0,2025-01-25 07:10:25.003563,,
80,11,7,5 pdf/shakespeares-sonnets,text,0,2025-01-25 07:10:44.935415,,
81,11,6,2https://en.wikipedia.org/wiki/Artificial_intelligence,text,0,2025-01-25 07:11:20.743190,,
82,11,10,4.,text,0,2025-01-25 07:11:30.787125,,
83,11,7,5 https://schools.amesburyma.gov/site/handlers/filedownload.ashx?moduleinstanceid=560&dataid=2847&FileName=sonnet%2018.doc,text,0,2025-01-25 07:11:44.178269,,
84,11,6,2https://www.britannica.com/technology/artificial-intelligence,text,0,2025-01-25 07:13:01.318965,,
85,11,10,2.https://www.britannica.com/technology/artificial-intelligence,text,0,2025-01-25 07:13:24.761389,,
86,11,6,2https://www.britannica.com/technology/artificial-intelligence,text,0,2025-01-25 07:13:29.200754,,
87,11,6,2https://builtin.com/artificial-intelligence,text,0,2025-01-25 07:14:04.984571,,
88,11,6,2https://www.sas.com/en_us/insights/analytics/what-is-artificial-intelligence.html,text,0,2025-01-25 07:14:23.645529,,
89,11,10,2.https://www.ibm.com/think/topics/artificial-intelligence,text,0,2025-01-25 07:14:28.537029,,
90,11,6,2https://www.google.com/search?client=safari&rls=en&q=artificial+intelligence&ie=UTF-8&oe=UTF-8,text,0,2025-01-25 07:14:53.813912,,
91,11,10,2.https://www.sas.com/en_us/insights/analytics/what-is-artificial-intelligence.html,text,0,2025-01-25 07:15:16.342218,,
92,11,10,2.https://builtin.com/artificial-intelligence,text,0,2025-01-25 07:15:52.647009,,
93,11,6,2https://www.googleadservices.com/pagead/aclk?sa=L&ai=DChcSEwjq9qPsp5CLAxX1C4MDHannAmoYABAAGgJzZg&ae=2&co=1&gclid=EAIaIQobChMI6vaj7KeQiwMV9QuDAx2p5wJqEAMYASAAEgKy4PD_BwE&ohost=www.google.com&cid=CAASJuRoA2Y4GABdKPKiwUet18Sh6yoB12Itt008OeSClO3MjKDBXZwQ&sig=AOD64_2LZl7XLO5MSjee_4x59MW_VNJBzQ&q&adurl&ved=2ahUKEwjZjp_sp5CLAxWv2TgGHc37DUsQ0Qx6BAgKEAE&nis=8&dct=1&suid=33722150833,text,0,2025-01-25 07:16:05.450037,,
94,11,10,2.https://en.wikipedia.org/wiki/A.I._Artificial_Intelligence,text,0,2025-01-25 07:16:37.987193,,
95,11,6,2https://en.wikipedia.org/wiki/Artificial_intelligence,text,0,2025-01-25 07:16:49.117128,,
96,11,2,"Game 3 - https://www.coolmathgames.com/0-brick-breaker
Game 4 - https://www.safekidgames.com/happy-filled-glass-4/",text,0,2025-01-25 07:20:12.035721,,
97,12,2,"Game 1 - https://www.coolmathgames.com/0-chain-sums
Game 2 - https://www.coolmathgames.com/0-connected
Game 3 - https://www.coolmathgames.com/0-brick-breaker
Game 4 - https://www.safekidgames.com/happy-filled-glass-4/",text,0,2025-01-25 08:25:41.033007,,
98,12,2,"Game 1 - https://www.typinggames.zone/keycarousel
Game 2 - https://www.coolmathgames.com/0-brainy-warrior
Game 3 - http://www.engineering.com/GamesPuzzles/MiniPutt/tabid/4703/Default.aspx",text,0,2025-01-28 11:37:04.783528,,
99,13,2,"Game 1 - https://www.typinggames.zone/keycarousel
Game 2 - https://www.coolmathgames.com/0-brainy-warrior
Game 3 - http://www.engineering.com/GamesPuzzles/MiniPutt/tabid/4703/Default.aspx",text,0,2025-01-28 11:37:22.980873,,
100,14,2,"Please generate an image for ....
First Step: Awarded for the player’s first jump on a character's head.
Hop Apprentice: Achieved after successfully landing 10 head hops.
Hop Master: Given to players who achieve 500 head hops.
The Thousand Jumper: Celebrate when players achieve 1,000 cumulative head hops.
Endurance Hopper: Unlocked when a player completes 50 head hops in a single game session.
Skill-Based Challenges:
Flawless Five: Land five consecutive head hops without falling.
Speed Hopper: Perform 10 head hops in under 30 seconds.
Long Shot: Jump on a character’s head from a significant distance (e.g., from 15+ studs away).
Acrobat: Land a jump on a head after a mid-air turn or complex maneuver.
Reverse Hopper: Land a jump by going backward (facing the opposite direction).
Fun and Quirky Goals:
Duck Stack: Jump on three characters stacked on top of each other.
Cloud Hopper: Land a jump on a moving or floating platform designed like a cloud.
Golden Hop: Find and jump on a rare golden character’s head hidden in the game.
Invisible Leap: Successfully hop on an invisible platform or character.
Friendship Bounce: Perform a head hop on the same player three times in one session.
Collaboration/Competition:
Teamwork Triumph: Perform a chain of three head hops involving three different players.
Top of the Stack: Be the highest player in a tower of five players.
Bumper Bounce: Land a head hop while simultaneously being hit by another player.
Hop Dominator: Win a head-hopping competition or challenge in the game.
Last Hopper Standing: Be the final player to land a head hop in a time-based elimination round.",text,0,2025-02-01 04:23:28.841393,,
101,14,2,"Game 1 - https://www.puzzleplayground.com/mergis_game.html
Game 2 - https://www.puzzleplayground.com/tic_tac_toe.html",text,0,2025-02-01 07:14:17.807226,,
102,15,2,"Game 1 - https://www.puzzleplayground.com/mergis_game.html
Game 2 - https://www.puzzleplayground.com/tic_tac_toe.html",text,0,2025-02-01 07:14:24.660312,,
103,15,2,"Game 2 - https://www.puzzleplayground.com/in_orbit.html
Game 1 - https://www.engineering.com/GamesPuzzles/Green.aspx",text,0,2025-02-01 08:46:53.329924,,
104,16,2,"Game 2 - https://www.puzzleplayground.com/in_orbit.html
Game 1 - https://www.engineering.com/GamesPuzzles/Green.aspx",text,0,2025-02-01 08:47:02.963061,,
105,17,2,"Game 1 - https://www.typinggames.zone/keycarousel
Game 2 - https://www.typinggames.zone/typer-diver",text,0,2025-02-04 11:35:25.793490,,
106,18,2,"Game 1 - https://www.typinggames.zone/keycarousel
Game 2 - https://www.coolmathgames.com/0-brainy-warrior
Game 3 - http://www.engineering.com/GamesPuzzles/MiniPutt/tabid/4703/Default.aspx",text,0,2025-02-04 11:36:02.901113,,
107,18,32,v;vc;c;vo,text,0,2025-02-08 06:25:30.924315,,
108,19,32,Did you send it,text,0,2025-02-08 06:26:41.847470,,
109,19,7,quickly,text,0,2025-02-08 06:26:54.264631,,
110,19,32,[ba-sfrwegcq3v23176q3b7123p9wg702,text,0,2025-02-08 06:27:01.914027,,
111,19,7,"qwertyuiopasdfghjkl;zxcvbnm,./",text,0,2025-02-08 06:27:10.162537,,
112,19,32,Hurry up,text,0,2025-02-08 06:27:13.105570,,
113,19,7,01010100111111111010000010101011111,text,0,2025-02-08 06:27:23.799170,,
114,19,4,hello,text,0,2025-02-08 06:27:35.115986,,
115,19,32,blah,text,0,2025-02-08 06:27:35.737828,,
116,19,32,sha,text,0,2025-02-08 06:27:39.711659,,
117,19,2,"for i in range(4):
    choice = game.randomInt(3)
    if choice == 0:
        game.spawnTopLane(ruins)
    if choice == 1:
        game.spawnMiddleLane(ruins)
    if choice == 2:
        game.spawnBottomLane(ruins)",text,0,2025-02-08 06:27:50.168958,,
118,19,30,whaaaaaaaaaaaaaat!!!!!!!!!!,text,0,2025-02-08 06:27:57.030080,,
119,19,2,"Game 1 - https://www.puzzleplayground.com/mergis_game.html
Game 2 - https://www.puzzleplayground.com/tic_tac_toe.html",text,0,2025-02-08 07:15:54.906144,,
120,19,2,"Game 1 - https://www.typinggames.zone/onslaught
Game 2 - https://www.coolmathgames.com/0-bobo-gooey",text,0,2025-02-08 07:18:10.183012,,
121,20,2,"Game 1 - https://www.puzzleplayground.com/on_the_hill.html
Game 2 - https://www.coolmathgames.com/0-burdies
Game 3 - https://www.coolmathgames.com/0-bricksbreaking
Game 4 - https://www.xpgameplus.com/games/unblockme/index.html",text,0,2025-02-08 08:32:51.121148,,
122,21,2,Game 1 - https://www.typinggames.zone/typer-diver,text,0,2025-02-11 11:28:49.908671,,
123,21,2,Game 1 - https://www.coolmathgames.com/0-biome-conquest,text,0,2025-02-11 11:33:11.506405,,
124,22,2,Game 1 - https://www.typinggames.zone/onslaught,text,0,2025-02-15 07:22:25.264386,,
125,22,2,Game 1 - https://www.puzzleplayground.com/mergis_game.html,text,0,2025-02-15 07:24:10.055018,,
126,22,2,https://www.coolmathgames.com/0-cube-mission,text,0,2025-02-15 07:24:57.886014,,
127,23,2,"Game 1 - https://www.coolmathgames.com/0-arrow-2-patterns
Game 2 - https://www.puzzleplayground.com/save_us.html",text,0,2025-03-01 04:43:14.993129,,
128,23,2,https://www.coolmathgames.com/0-cube-mission,text,0,2025-03-01 07:21:16.611298,,
129,24,2,"Game 0 - https://www.puzzleplayground.com/puzzle_numbers.html
Game 0 - https://www.coolmathgames.com/0-bounce",text,0,2025-03-01 08:46:00.677186,,
130,25,2,"Game 1 - https://www.engineering.com/GamesPuzzles/Warper.aspx
Game 2 - https://beinternetawesome.withgoogle.com/en_us/interland",text,0,2025-03-08 07:19:48.864814,,
131,25,24,fuji,text,0,2025-03-11 10:46:21.377132,,
132,26,2,Game 1 - https://www.puzzleplayground.com/box_kid.html,text,0,2025-03-11 11:31:42.449020,,
133,26,24,Hiiiiiiiiiiiiiiiiiiiiiiiiiiiiiiiiiiiiiiiiiiiiiiiiiiiiiiiiiiiiiiiiiiiiiiiiiiiiiiiiiiiiiiiiiiiiiiiiiiiiiiiiiiiiiiiiiiiiiiiiiiiiiiiiiiiiiiiiiiiiiiiiiiiiiiiiiiiiiiiiiiiiiiiiiiiiiiiiiiiiiiiiiiiiiiiiiiiiiiiiiiiiiiiiiiiiiiiiiiiiiiiiiiiiiiiiiiiiiiiiiiiiiiiiiiiiiiiiiiiiiiiiiiiiiiiiiiiiiiiiiiiiiiiiiiiiiiiiiiiiiiiiiiiiiiiiiiiiiiiiiiiiiiiiiiiiiiiiiiiiiiiiiiiiiiiiiiiiiiiiiiiiiiiiiiiiiiiiiiiiiiiiiiiiiiiiiiiiiiiiiiiiiiiiiiiiiiiiiiiiiiiiiiiiiiiiiiiiiiiiiiiiiiiiiiiiiiiiiiiiiiiiiiiiiiiiiiiiiiiiiiiiiiiiiiiiiiiiiiiiiiiiiiiiiiiiiiiiiiiiiiiiiiiiiiiiiiiiiiiiiiiiiiiiiiiiiiiiiiiiiiiiiiiiiiiiiiiiiiiiiiiiiiiiiiiiiiiiiiiiiiiiiiiiiiiiiiiiiiiiiiiiiiiiiiiiiiiiiiiiiiiiiiiiiiiiiiiiiiiiiiiiiiiiiiiiiiiiiiiiiiiiiiiiiiiiiiiiiiiiiii,text,0,2025-03-11 11:32:00.356674,,
134,26,2,"Game 1 - https://www.puzzleplayground.com/box_kid.html
Game 2 - https://www.typinggames.zone/starkeys",text,0,2025-03-11 11:34:38.002090,,
135,27,2,https://quizizz.com/join?gc=18315448,text,0,2025-03-15 06:25:00.413796,,
136,27,32,The grinch,text,0,2025-03-15 06:25:51.578455,,
137,27,7,the grinch,text,0,2025-03-15 06:34:14.690951,,
138,27,32,The Grinch,text,0,2025-03-15 06:34:38.640432,,
139,27,7,the grinch,text,0,2025-03-15 06:34:43.764064,,
140,27,32,Is blue,text,0,2025-03-15 06:34:44.180649,,
141,27,7,is purple,text,0,2025-03-15 06:34:54.456515,,
142,27,32,is pink,text,0,2025-03-15 06:34:57.003141,,
143,27,7,black,text,0,2025-03-15 06:35:05.017700,,
144,27,32,is racis,text,0,2025-03-15 06:35:08.237519,,
145,27,32,black and white,text,0,2025-03-15 06:35:31.678800,,
146,27,2,https://studio.code.org/s/coursef-2024,text,0,2025-03-15 06:36:00.613948,,
147,28,2,https://studio.code.org/s/coursef-2024,text,0,2025-03-15 06:51:01.896596,,
148,28,2,https://studio.code.org/s/coursef-2024/lessons/3/levels/3,text,0,2025-03-15 06:55:46.406068,,
149,28,2,https://studio.code.org/s/coursef-2024/lessons/3/levels/3,text,0,2025-03-15 06:59:33.055728,,
150,29,2,"Game 1 - https://www.ozaria.com/play/game-dev-level/674172628a42b5b2bd129d15?course=5e27600d1c9d440000ac3ee7
Game 2 - https://www.ozaria.com/play/game-dev-level/679dc431eb4ed3ff13ae8980?course=5e27600d1c9d440000ac3ee7
Game 3 - https://www.ozaria.com/play/game-dev-level/679dc431eb4ed3ff13ae8980?course=5e27600d1c9d440000ac3ee7
Game 4 - https://www.ozaria.com/play/game-dev-level/6745a930a51eeae2512ef345?course=5e27600d1c9d440000ac3ee7
Game 5- https://www.ozaria.com/play/game-dev-level/6745a930a51eeae2512ef345?course=5e27600d1c9d440000ac3ee7",text,0,2025-03-16 06:21:32.360318,,
151,30,2,Game 6 - https://www.ozaria.com/play/game-dev-level/673c73aa77cb16c75ec23622?course=5e27600d1c9d440000ac3ee7,text,0,2025-03-16 06:46:59.034138,,
152,31,2,"https://www.puzzleplayground.com/robot_start
https://www.cbc.ca/kids/games/play/box-kid
https://v6p9d9t4.ssl.hwcdn.net/html/4580063/index.html (harder version)",text,0,2025-03-18 11:35:39.256717,,
153,32,56,s,text,0,2025-03-22 03:52:32.776689,,
154,32,56,s,text,0,2025-03-22 03:52:55.999918,,
155,32,56,s,text,0,2025-03-22 03:53:05.430601,,
156,32,108,https://codecombat.com/play/level/sand-mushrooms?&course=56462f935afde0c6fd30fc8c&course-instance=672edd3e2f9b5d22cf15af22,text,0,2025-03-22 03:57:13.615975,,
157,32,108,https://codecombat.com/play/level/mushroom-noise?&course=56462f935afde0c6fd30fc8c&course-instance=672edd3e2f9b5d22cf15af22,text,0,2025-03-22 03:58:05.024162,,
158,32,108,https://codecombat.com/play/level/key-traps?&course=56462f935afde0c6fd30fc8c&course-instance=672edd3e2f9b5d22cf15af22,text,0,2025-03-22 03:58:22.708099,,
159,32,108,https://codecombat.com/play/level/chain-of-command?&course=56462f935afde0c6fd30fc8c&course-instance=672edd3e2f9b5d22cf15af22,text,0,2025-03-22 03:58:35.287521,,
160,32,108,https://codecombat.com/play/level/pet-engineer?&course=56462f935afde0c6fd30fc8c&course-instance=672edd3e2f9b5d22cf15af22,text,0,2025-03-22 03:58:52.213054,,
161,32,108,https://codecombat.com/play/level/pet-translator?&course=56462f935afde0c6fd30fc8c&course-instance=672edd3e2f9b5d22cf15af22,text,0,2025-03-22 04:03:24.777561,,
162,32,108,https://codecombat.com/play/level/pet-adjutant?&course=56462f935afde0c6fd30fc8c&course-instance=672edd3e2f9b5d22cf15af22,text,0,2025-03-22 04:07:06.741381,,
163,32,56,https://codecombat.com/play/level/sarven-road?&course=56462f935afde0c6fd30fc8c&course-instance=672edd3e2f9b5d22cf15af22,text,0,2025-03-22 04:10:05.110607,,
164,32,56,https://codecombat.com/play/level/oasis?&course=56462f935afde0c6fd30fc8c&course-instance=672edd3e2f9b5d22cf15af22,text,0,2025-03-22 04:10:30.006073,,
165,32,56,https://codecombat.com/play/level/the-mighty-sand-yak?&course=56462f935afde0c6fd30fc8c&course-instance=672edd3e2f9b5d22cf15af22,text,0,2025-03-22 04:10:44.424388,,
166,32,56,https://codecombat.com/play/level/gems-or-death?&course=56462f935afde0c6fd30fc8c&course-instance=672edd3e2f9b5d22cf15af22,text,0,2025-03-22 04:11:02.893556,,
167,32,56,https://codecombat.com/play/level/burls-beets-booleans?&course=56462f935afde0c6fd30fc8c&course-instance=672edd3e2f9b5d22cf15af22,text,0,2025-03-22 04:11:43.837598,,
168,32,56,quack,text,0,2025-03-22 04:12:09.519429,,
169,32,108,https://codecombat.com/play/level/pet-adjutant?&course=56462f935afde0c6fd30fc8c&course-instance=672edd3e2f9b5d22cf15af22,text,0,2025-03-22 04:12:29.105405,,
170,32,108,https://codecombat.com/play/level/pet-adjutant?&course=56462f935afde0c6fd30fc8c&course-instance=672edd3e2f9b5d22cf15af22,text,0,2025-03-22 04:12:30.024111,,
171,32,108,https://codecombat.com/play/level/pet-adjutant?&course=56462f935afde0c6fd30fc8c&course-instance=672edd3e2f9b5d22cf15af22,text,0,2025-03-22 04:12:30.848603,,
172,32,56,https://codecombat.com/play/level/sarven-gaps?&course=56462f935afde0c6fd30fc8c&course-instance=672edd3e2f9b5d22cf15af22,text,0,2025-03-22 04:14:43.392482,,
173,32,56,https://codecombat.com/play/level/sarven-gaps?&course=56462f935afde0c6fd30fc8c&course-instance=672edd3e2f9b5d22cf15af22,text,0,2025-03-22 04:15:15.981664,,
174,32,108,https://codecombat.com/play/level/alchemic-power?&course=56462f935afde0c6fd30fc8c&course-instance=672edd3e2f9b5d22cf15af22,text,0,2025-03-22 04:18:48.404597,,
175,32,56,https://codecombat.com/play/level/interception?&course=56462f935afde0c6fd30fc8c&course-instance=672edd3e2f9b5d22cf15af22,text,0,2025-03-22 04:26:50.135953,,
176,32,56,https://codecombat.com/play/level/crossroads?&course=56462f935afde0c6fd30fc8c&course-instance=672edd3e2f9b5d22cf15af22,text,0,2025-03-22 04:27:07.110752,,
177,32,56,https://codecombat.com/play/level/thunderhooves?&course=56462f935afde0c6fd30fc8c&course-instance=672edd3e2f9b5d22cf15af22,text,0,2025-03-22 04:29:33.252945,,
178,32,56,https://codecombat.com/play/level/thunderhooves?&course=56462f935afde0c6fd30fc8c&course-instance=672edd3e2f9b5d22cf15af22,text,0,2025-03-22 04:29:41.453444,,
179,32,56,https://codecombat.com/play/level/kithgard-enchanter?&course=56462f935afde0c6fd30fc8c&course-instance=672edd3e2f9b5d22cf15af22,text,0,2025-03-22 04:30:46.317912,,
180,32,56,https://codecombat.com/play/level/minesweeper?&course=56462f935afde0c6fd30fc8c&course-instance=672edd3e2f9b5d22cf15af22,text,0,2025-03-22 04:31:04.060492,,
181,32,108,https://codecombat.com/play/level/dangerous-key?&course=56462f935afde0c6fd30fc8c&course-instance=672edd3e2f9b5d22cf15af22,text,0,2025-03-22 04:32:41.063951,,
182,32,56,https://codecombat.com/play/level/operation-killdeer?&course=56462f935afde0c6fd30fc8c&course-instance=672edd3e2f9b5d22cf15af22,text,0,2025-03-22 04:33:29.852382,,
183,32,2,https://codecombat.com/play/level/sand-mushrooms?&course=56462f935afde0c6fd30fc8c&course-instance=672edd3e2f9b5d22cf15af22,text,0,2025-03-22 04:44:21.429296,,
184,32,56,https://codecombat.com/play/level/medical-attention?&course=56462f935afde0c6fd30fc8c&course-instance=672edd3e2f9b5d22cf15af22,text,0,2025-03-22 04:46:25.845273,,
185,32,56,https://codecombat.com/play/level/medical-attention?&course=56462f935afde0c6fd30fc8c&course-instance=672edd3e2f9b5d22cf15af22,text,0,2025-03-22 04:46:25.828892,,
186,32,56,https://codecombat.com/play/level/medical-attention?&course=56462f935afde0c6fd30fc8c&course-instance=672edd3e2f9b5d22cf15af22,text,0,2025-03-22 04:46:25.986360,,
187,32,56,https://codecombat.com/play/level/medical-attention?&course=56462f935afde0c6fd30fc8c&course-instance=672edd3e2f9b5d22cf15af22,text,0,2025-03-22 04:46:26.168361,,
188,32,56,https://codecombat.com/play/level/medical-attention?&course=56462f935afde0c6fd30fc8c&course-instance=672edd3e2f9b5d22cf15af22,text,0,2025-03-22 04:46:26.184875,,
189,32,56,https://codecombat.com/play/level/medical-attention?&course=56462f935afde0c6fd30fc8c&course-instance=672edd3e2f9b5d22cf15af22,text,0,2025-03-22 04:46:26.234410,,
190,32,56,https://codecombat.com/play/level/medical-attention?&course=56462f935afde0c6fd30fc8c&course-instance=672edd3e2f9b5d22cf15af22,text,0,2025-03-22 04:46:27.186677,,
191,32,56,https://codecombat.com/play/level/keeping-time?&course=56462f935afde0c6fd30fc8c&course-instance=672edd3e2f9b5d22cf15af22,text,0,2025-03-22 04:49:21.027893,,
192,32,56,https://codecombat.com/play/level/crux-of-the-desert?&course=56462f935afde0c6fd30fc8c&course-instance=672edd3e2f9b5d22cf15af22,text,0,2025-03-22 04:52:36.574287,,
193,32,12,penguin,text,0,2025-03-23 06:19:04.332851,,
194,33,2,https://recordscreen.io/,text,0,2025-03-23 06:21:07.741360,,
195,33,12,penguin,text,0,2025-03-23 06:48:43.229673,,
196,33,12,penguin,text,0,2025-03-23 06:49:33.298020,,
197,33,12,jhjh,text,0,2025-03-23 06:50:00.345192,,
198,33,12,penguin,text,0,2025-03-23 06:50:47.660404,,
199,33,12,g,text,0,2025-03-23 06:50:55.141534,,
200,33,2,tt,text,0,2025-03-23 06:55:27.192395,,
201,33,2,test,text,0,2025-03-23 07:19:02.521752,,
202,33,2,test,text,0,2025-03-23 07:19:47.344644,,
203,33,2,tes,text,0,2025-03-23 07:24:00.628354,,
204,33,24,https://www.ozaria.com/play/level/ch3m1l1l2b?course=5e27600d1c9d440000ac3ee7&course-instance=67d95214ff0ea27415d02c5e&classroom=66f9219b4ec0b556536b73a4,text,0,2025-03-25 10:34:21.337620,,
205,33,46,https://www.ozaria.com/play/level/ch3m1l1l2b?course=5e27600d1c9d440000ac3ee7&course-instance=67d94a788175a047ae326e06,text,0,2025-03-25 10:39:47.947247,,
206,33,13,https://www.ozaria.com/play/level/ch3m1l1l1b?course=5e27600d1c9d440000ac3ee7&course-instance=67d94a788175a047ae326e06,text,0,2025-03-25 10:42:10.056187,,
207,34,54,https://www.ozaria.com/play/level/ch3m1l1l5b?course=5e27600d1c9d440000ac3ee7&course-instance=67d94a788175a047ae326e06&classroom=63da055249ece0001f4dc4b8,text,0,2025-03-25 10:59:55.412597,,
208,34,46,https://www.ozaria.com/play/level/ch3m1l1l3b?course=5e27600d1c9d440000ac3ee7&course-instance=67d94a788175a047ae326e06,text,0,2025-03-25 11:00:46.027846,,
209,34,54,https://www.ozaria.com/play/intro/ch3m1l2intro1b?course=5e27600d1c9d440000ac3ee7&course-instance=67d94a788175a047ae326e06,text,0,2025-03-25 11:02:34.200918,,
210,34,46,https://www.ozaria.com/play/level/ch3m1l1l3b?course=5e27600d1c9d440000ac3ee7&course-instance=67d94a788175a047ae326e06,text,0,2025-03-25 11:04:27.072623,,
211,34,46,https://www.ozaria.com/play/level/ch3m1l1l3b?course=5e27600d1c9d440000ac3ee7&course-instance=67d94a788175a047ae326e06,text,0,2025-03-25 11:05:07.970703,,
212,34,13,https://www.ozaria.com/play/level/ch3m1l1l2b?course=5e27600d1c9d440000ac3ee7&course-instance=67d94a788175a047ae326e06,text,0,2025-03-25 11:05:20.481759,,
213,34,13,https://www.ozaria.com/play/level/ch3m1l1l2b?course=5e27600d1c9d440000ac3ee7&course-instance=67d94a788175a047ae326e06,text,0,2025-03-25 11:05:39.733148,,
214,34,24,https://www.ozaria.com/play/level/ch3m1l1l1b?course=5e27600d1c9d440000ac3ee7&course-instance=67d94a788175a047ae326e06,text,0,2025-03-25 11:05:40.970764,,
215,34,24,https://www.ozaria.com/play/level/ch3m1l1l1b?course=5e27600d1c9d440000ac3ee7&course-instance=67d94a788175a047ae326e06,text,0,2025-03-25 11:05:49.881841,,
216,34,24,https://www.ozaria.com/play/level/ch3m1l1l1b?course=5e27600d1c9d440000ac3ee7&course-instance=67d94a788175a047ae326e06,text,0,2025-03-25 11:05:59.517062,,
217,34,24,https://www.ozaria.com/play/level/ch3m1l1l1b?course=5e27600d1c9d440000ac3ee7&course-instance=67d94a788175a047ae326e06,text,0,2025-03-25 11:06:16.003161,,
218,34,13,https://www.ozaria.com/play/level/ch3m1l1l2b?course=5e27600d1c9d440000ac3ee7&course-instance=67d94a788175a047ae326e06,text,0,2025-03-25 11:07:32.884877,,
219,34,13,https://www.ozaria.com/play/level/ch3m1l1l2b?course=5e27600d1c9d440000ac3ee7&course-instance=67d94a788175a047ae326e06,text,0,2025-03-25 11:08:05.702873,,
220,34,13,thanhminh: https://www.ozaria.com/play/level/ch3m1l1l5b?course=5e27600d1c9d440000ac3ee7&course-instance=67d94a788175a047ae326e06&classroom=63da055249ece0001f4dc4b8,text,0,2025-03-25 11:08:43.931335,,
221,34,24,https://www.ozaria.com/play/level/ch3m1l1l3b?course=5e27600d1c9d440000ac3ee7&course-instance=67d94a788175a047ae326e06,text,0,2025-03-25 11:09:51.134853,,
222,34,24,https://www.ozaria.com/play/level/ch3m1l1l5b?course=5e27600d1c9d440000ac3ee7&course-instance=67d94a788175a047ae326e06&classroom=63da055249ece0001f4dc4b8,text,0,2025-03-25 11:10:22.959420,,
223,34,13,"thanhminh: https://www.ozaria.com/play/level/ch3m1l1l5b?course=5e27600d1c9d440000ac3ee7&course-instance=67d94a788175a047ae326e06&classroom=63da055249ece0001f4dc4b8

blossomstudent48: https://www.ozaria.com/play/level/ch3m1l1l3b?course=5e27600d1c9d440000ac3ee7&course-instance=67d94a788175a047ae326e06

thanhminh: https://www.ozaria.com/play/intro/ch3m1l2intro1b?course=5e27600d1c9d440000ac3ee7&course-instance=67d94a788175a047ae326e06

blossomstudent48: https://www.ozaria.com/play/level/ch3m1l1l3b?course=5e27600d1c9d440000ac3ee7&course-instance=67d94a788175a047ae326e06",text,0,2025-03-25 11:11:05.801962,,
224,34,43,https://www.ozaria.com/play/level/ch3m1l2l1b?course=5e27600d1c9d440000ac3ee7&course-instance=67d94a788175a047ae326e06,text,0,2025-03-25 11:14:21.226386,,
225,34,24,https://www.ozaria.com/play/level/ch3m1l1l2b?course=5e27600d1c9d440000ac3ee7&course-instance=67d94a788175a047ae326e06&classroom=63da055249ece0001f4dc4b8,text,0,2025-03-25 11:14:26.385509,,
226,34,43,https://www.ozaria.com/play/level/ch3m1l2l1b?course=5e27600d1c9d440000ac3ee7&course-instance=67d94a788175a047ae326e06,text,0,2025-03-25 11:14:31.266363,,
227,34,24,https://www.ozaria.com/play/level/ch3m1l1l5b?course=5e27600d1c9d440000ac3ee7&course-instance=67d94a788175a047ae326e06&classroom=63da055249ece0001f4dc4b8,text,0,2025-03-25 11:15:46.187363,,
228,34,24,https://www.ozaria.com/play/level/ch3m1l1l5b?course=5e27600d1c9d440000ac3ee7&course-instance=67d94a788175a047ae326e06&classroom=63da055249ece0001f4dc4b8,text,0,2025-03-25 11:17:53.707169,,
229,34,46,https://www.ozaria.com/play/level/ch3m1l1l4b?course=5e27600d1c9d440000ac3ee7&course-instance=67d94a788175a047ae326e06,text,0,2025-03-25 11:17:59.928534,,
230,34,46,https://www.ozaria.com/play/level/ch3m1l1l4b?course=5e27600d1c9d440000ac3ee7&course-instance=67d94a788175a047ae326e06,text,0,2025-03-25 11:18:12.658491,,
231,34,13,https://www.ozaria.com/play/level/ch3m1l1l3b?course=5e27600d1c9d440000ac3ee7&course-instance=67d94a788175a047ae326e06&classroom=63da055249ece0001f4dc4b8,text,0,2025-03-25 11:32:54.954474,,
232,34,24,https://www.ozaria.com/play/level/ch3m1l1l3b?course=5e27600d1c9d440000ac3ee7&course-instance=67d94a788175a047ae326e06,text,0,2025-03-25 11:34:09.258153,,
233,34,43,https://www.ozaria.com/play/level/ch3m1l2l2b?course=5e27600d1c9d440000ac3ee7&course-instance=67d94a788175a047ae326e06,text,0,2025-03-25 11:34:50.824407,,
234,34,24,https://www.ozaria.com/play/level/ch3m1l1l3b?course=5e27600d1c9d440000ac3ee7&course-instance=67d94a788175a047ae326e06,text,0,2025-03-25 11:35:15.677501,,
235,34,13,view-source:http://192.168.1.136:5000/,text,0,2025-03-25 11:44:22.158168,,
236,34,2,https://www.ozaria.com/play/level/ch3m1l1l2b?course=5e27600d1c9d440000ac3ee7&course-instance=67d94a788175a047ae326e06,text,0,2025-03-25 15:58:57.766605,,
237,34,2,https://www.ozaria.com/play/level/ch3m1l1l2b?course=5e27600d1c9d440000ac3ee7&course-instance=67d94a788175a047ae326e06,text,0,2025-03-25 16:02:30.014999,,
238,35,30,codecombat.com/play/level/the-wizards-plane?&course=56462f935afde0c6fd30fc8c&course-instance=67de58c7f68cba9772c2523f,text,0,2025-03-29 07:08:07.366312,,
239,35,30,codecombat.com/play/level/the-wizards-plane?&course=56462f935afde0c6fd30fc8c&course-instance=67de58c7f68cba9772c2523f,text,0,2025-03-29 07:08:32.039956,,
240,35,2,"Game 1 - https://www.typinggames.zone/ai-virus
Game 2 - https://www.engineering.com/GamesPuzzles/GhostAdventure.aspx",text,0,2025-03-29 07:14:35.936838,,
241,35,23,hi,text,0,2025-03-29 07:23:05.923119,,
242,35,23,https://codecombat.com/play/course-2?course=5632661322961295f9428638&course-instance=663de608483c9240bb4d8cbf,text,0,2025-03-29 07:25:51.423402,,
243,35,32,https://codecombat.com/play/562f88e84df18473073c74e2?course-instance=663de608483c9240bb4d8cbf,text,0,2025-03-29 07:26:23.002657,,
244,36,40,V,text,0,2025-03-29 08:04:26.548510,,
245,36,101,https://www.roomrecess.com/mobile/DoubleClickShapesAndColors/play.html,text,0,2025-03-29 08:31:38.632984,,
246,36,101,https://www.typingclub.com/,text,0,2025-03-29 08:43:19.882506,,
247,36,44,p,text,0,2025-03-30 06:51:43.514450,,
248,36,44,I am the Lightspeed Destroyer,text,0,2025-03-30 06:55:14.749297,,
249,37,44,g,text,0,2025-03-30 07:19:33.355947,,
250,37,44,Bozo the clown wants his tie back,text,0,2025-03-30 07:21:15.971556,,
251,37,44,gryvdusfgugyeiguugiygherywufteucgyudycuuhgyusyctyfscyg hg djvfy,text,0,2025-03-30 07:21:41.951215,,
252,37,44,gfyfgyftkinfryf,text,0,2025-03-30 07:22:55.728760,,
253,37,44,nygjhtfh,text,0,2025-03-30 07:23:31.031764,,
254,37,44,jhtchty,text,0,2025-03-30 07:23:35.353816,,
255,37,44,"h,hgyutjyh",text,0,2025-03-30 07:23:38.212289,,
256,37,44,hbgyrtyryt,text,0,2025-03-30 07:23:41.518872,,
257,37,44,ytyttytytyt,text,0,2025-03-30 07:23:45.023930,,
258,37,44,ytytytytytytytytytytytytytytyt,text,0,2025-03-30 07:23:53.448917,,
259,37,44,ttttttttttttttttttttttttttttttttttiiiiiiiiiiiiiiiiiiiiiiiiiiiiiiiiiiiiiiiimmmmmmmmmmmmmmmmmmmmmmmmmmmmmmmmmmmmmmmmmmmmeeeeeeeeeeeeeeeeeeeeeeeeeeeeee,text,0,2025-03-30 07:24:05.713977,,
260,37,44,ttttttttttttttttttttttttttttttttttttttttttttttttttttttttttttttttttttttttttttttttttttttttttttttttttttttttttttttttttttttttttttttttttttttttttttttttttttttttttttttttttttttttttttttttiiiiiiiiiiiiiiiiiiiiiiiiiiiiiiiiiiiiiiiiiiiiiiiiiiiiiiiiiiiiiiiiiiiiiiiiiiiiiiiiiiiiiiiiiiiiiiiiiiiiiiiiiiiiiiiiiiiiiiiiiiiiiiiiiiiiiiiiiiiiiiiiiiiiiiiiiiiiiiiiiiiiiiiiiiiiiiiimmmmmmmmmmmmmmmmmmmmmmmmmmmmmmmmmmmmmmmmmmmmmmmmmmmmmmmmmmmmmmmmmmmmmmmmmmmmmmmmmmmmmmmmmmmmmmmmmmmmmmmmmmmmmmmmmmmmmmmmmmmmmmmmmmmmmmmmmmmmmmmmmmmmmmmmmmmmmmmmmmmmmmmmmmmmmmmmeeeeeeeeeeeeeeeeeeeeeeeeeeeeeeeeeeeeeeeeeeeeeeeeeeeeeeeeeeeeeeeeeeeeeeeeeeeeeeeeeeeeeeeeeeeeeeeeeeeeeeeeeeeeeeeeeeeeeeeeeeeeeeeeeeeeeeeeeeeeeeeeeeeeeeeeeeeeeeeeeeeeeeeeeeeeeeee,text,0,2025-03-30 07:26:53.169475,,
261,38,2,11,text,0,2025-03-30 16:03:12.925231,,
262,40,2,33,text,0,2025-03-30 16:11:17.539405,,
263,41,2,hi,text,0,2025-03-31 14:02:24.196276,,
264,41,2,"Game 1 - https://www.coolmathgames.com/0-the-schema
Game 2 - https://www.funbrain.com/games/mighty-guy",text,0,2025-04-01 11:29:56.949733,,
265,41,15,lol,text,0,2025-04-05 02:54:27.885978,,
266,41,15,lol:),text,0,2025-04-05 02:54:44.368425,,
267,41,2,"Game 1 - https://www.safekidgames.com/engineerio/
Game 2 - https://www.coolmathgames.com/0-combo-crusader",text,0,2025-04-05 03:18:10.355818,,
268,42,108,https://codecombat.com/certificates/63c509de54faee001f38fb3c?class=630cc1ebf015ca0023096d74&course=56462f935afde0c6fd30fc8c&course-instance=672edd3e2f9b5d22cf15af22,text,0,2025-04-05 03:55:30.902045,,
269,42,56,hi,text,0,2025-04-05 03:58:30.261314,,
270,42,56,hi,text,0,2025-04-05 03:59:04.832286,,
271,42,108,e,text,0,2025-04-05 04:01:40.555655,,
272,42,2,"Game 1 - https://www.engineering.com/GamesPuzzles/Make10!.aspx
Game 2 - https://www.typinggames.zone/typing-adventure",text,0,2025-04-05 04:34:15.868753,,
273,43,44,vgyttearftrdtr,text,0,2025-04-06 06:56:21.335955,,
274,43,44,fttuyytuftdtytjt,text,0,2025-04-06 06:56:28.154936,,
275,43,44,gfygguhkyggv,text,0,2025-04-06 06:56:34.704715,,
276,43,44,hjyjthg,text,0,2025-04-06 06:56:38.529721,,
277,43,46,https://www.ozaria.com/play/intro/ch3m2l1intro1b?course=5e27600d1c9d440000ac3ee7&course-instance=67d94a788175a047ae326e06,text,0,2025-04-08 11:24:28.196649,,
278,43,35,https://www.ozaria.com/play/intro/ch3m1l2intro1b?course=5e27600d1c9d440000ac3ee7&course-instance=67d94a788175a047ae326e06,text,0,2025-04-08 11:24:45.803699,,
279,43,46,https://www.ozaria.com/play/intro/ch3m2l1intro2b?course=5e27600d1c9d440000ac3ee7&course-instance=67d94a788175a047ae326e06,text,0,2025-04-08 11:28:41.432951,,
280,44,2,"Game 0 - https://www.funbrain.com/games/mighty-guy
Game 0 - https://www.coolmathgames.com/0-the-schema",text,0,2025-04-08 11:38:10.639837,,
281,44,2,d,text,0,2025-04-09 04:54:05.240328,,
282,44,2,a,text,0,2025-04-09 04:54:07.226762,,
283,44,2,s,text,0,2025-04-09 04:55:50.151932,,
284,44,2,a,text,0,2025-04-09 04:55:52.540281,,
285,44,2,z,text,0,2025-04-09 04:56:02.831042,,
286,44,2,3,text,0,2025-04-09 04:57:02.909372,,
287,44,2,1,text,0,2025-04-09 04:57:21.573661,,
288,44,2,a,text,0,2025-04-09 04:57:33.858512,,
289,44,2,g,text,0,2025-04-09 04:58:41.499339,,
290,44,2,f,text,0,2025-04-09 12:31:16.888546,,
291,44,2,f,text,0,2025-04-09 12:31:19.655885,,
292,44,2,a,text,0,2025-04-09 12:31:21.553692,,
293,44,2,c,text,0,2025-04-09 12:31:23.565436,,
294,44,2,f,text,0,2025-04-09 12:31:25.441713,,
295,44,2,1,text,0,2025-04-09 12:33:44.951241,,
296,44,2,2,text,0,2025-04-09 12:33:46.574706,,
297,44,2,3,text,0,2025-04-09 12:33:47.720101,,
298,44,2,4,text,0,2025-04-09 12:33:49.104753,,
299,44,2,5,text,0,2025-04-09 12:33:50.805285,,
300,44,2,6,text,0,2025-04-09 12:35:36.285033,,
301,44,2,5,text,0,2025-04-09 12:35:39.898542,,
302,44,2,1,text,0,2025-04-09 12:35:41.133232,,
303,44,2,3,text,0,2025-04-09 12:35:42.642258,,
304,44,2,2,text,0,2025-04-09 12:35:44.459423,,
305,44,2,1,text,0,2025-04-09 12:42:24.532966,,
306,44,2,2,text,0,2025-04-09 12:42:25.804338,,
307,44,2,3,text,0,2025-04-09 12:42:26.793676,,
308,44,2,4,text,0,2025-04-09 12:42:28.031540,,
309,44,2,5,text,0,2025-04-09 12:42:28.878504,,
310,44,2,7,text,0,2025-04-09 12:43:00.898728,,
311,44,2,1,text,0,2025-04-09 12:43:01.655825,,
312,44,2,2,text,0,2025-04-09 12:43:02.643660,,
313,44,2,3,text,0,2025-04-09 12:43:03.529339,,
314,44,2,4,text,0,2025-04-09 12:43:04.642843,,
315,44,2,1,text,0,2025-04-09 12:43:22.487766,,
316,44,2,2,text,0,2025-04-09 12:43:23.255588,,
317,44,2,3,text,0,2025-04-09 12:43:24.640343,,
318,44,2,4,text,0,2025-04-09 12:43:25.602250,,
319,44,2,5,text,0,2025-04-09 12:43:26.774089,,
320,44,2,61,text,0,2025-04-09 12:44:12.599962,,
321,44,2,1,text,0,2025-04-09 12:44:13.393112,,
322,44,2,2,text,0,2025-04-09 12:44:14.678648,,
323,44,2,3,text,0,2025-04-09 12:44:15.328519,,
324,44,2,4,text,0,2025-04-09 12:44:16.621101,,
325,44,2,51,text,0,2025-04-09 12:46:23.737813,,
326,44,2,2,text,0,2025-04-09 12:46:24.830119,,
327,44,2,3,text,0,2025-04-09 12:46:25.553205,,
328,44,2,4,text,0,2025-04-09 12:46:26.644213,,
329,44,2,5,text,0,2025-04-09 12:46:28.489552,,
330,44,2,62,text,0,2025-04-09 12:46:42.596131,,
331,44,2,2,text,0,2025-04-09 12:46:43.635341,,
332,44,2,3,text,0,2025-04-09 12:46:44.664045,,
333,44,2,4,text,0,2025-04-09 12:46:46.486383,,
334,44,2,5,text,0,2025-04-09 12:46:46.959993,,
335,44,2,5,text,0,2025-04-09 15:23:13.360604,,
336,45,108,e,text,0,2025-04-19 04:56:38.873338,,
337,46,2,Game 1 - https://www.coolmathgames.com/0-aurie,text,0,2025-04-19 07:16:48.374134,,
338,46,36,decombat.com/play/level/last-guardian?course=5632661322961295f9428638&course-instance=663de608483c9240bb4d8cbf,text,0,2025-04-19 07:21:15.769247,,
339,46,36,f,text,0,2025-04-19 07:27:23.102132,,
340,46,36,f,text,0,2025-04-19 07:27:24.937211,,
341,46,36,ff,text,0,2025-04-19 07:27:26.944890,,
342,46,36,f,text,0,2025-04-19 07:27:29.524778,,
343,46,23,1,text,0,2025-04-19 07:28:09.997845,,
344,46,23,3,text,0,2025-04-19 07:28:12.725326,,
345,46,23,p,text,0,2025-04-19 07:28:17.429705,,
346,46,23,o,text,0,2025-04-19 07:28:21.038368,,
347,47,44,https://codecombat.com/certificates/632460a304206a0023b48456?class=6551b1d4a3312d0019a9be2f&course=5632661322961295f9428638&course-instance=66efb998c69f7a87b543da64,text,0,2025-04-20 06:08:38.074431,,
348,47,44,sigma boy,text,0,2025-04-20 06:09:16.010970,,
349,48,2,https://quizizz.com/join?gc=750483&source=liveDashboard,text,0,2025-04-20 06:17:29.574437,,
350,48,44,TTTTTTTTTTTTTTTTTTTTTTTTTTTTTTTTTTTTTTTTTTTTTTTTTTTTTTTTTTTTTTTTTTTTTTTTTTTTTTTTTTTTTTTTTTTTTTTTTTTTTTTTTTTTTTTTTTTTTTTTTTTTTTTTTTTTTTTTTTTTTTTTTTTTTTTTTTTTTTTTTTTTTTTTTTTTTTTTTTTTTTTTTTTTTTTTTTTTTTTTTTTTTTTTTTTTTTTTTTTTTTTTTTTTTTTTTTTTTTTTTTTTTTTTTTTTTTTTTTTTTTTTTTTTTTTTTTTTTTTTTTTTTTTTTTTTTTTTTTTTTTTTTTTTTTTTTTTTTTTTTTTTTTTTTTTTTTTTTTTTTTTTTTTTTTTTTTTTTTTTTTTTTTTTTTTTTTTTTTTTTTTTTTTTTTTTTTTTTTTTTTTTTTTTTTTTTTTTTTTTTTTTTTTTTTTTTTTTTTTTTTTTTTTTTTTTTTTTTTTTTTTTTTTTTTTTTTTTTTTTTTTTTTTTTTTTTTTT,text,0,2025-04-20 06:17:34.374675,,
351,48,44,IIIIIIIIIIIIIIIIIIIIIIIIIIIIIIIIIIIIIIIIIIIIIIIIIIIIIII,text,0,2025-04-20 06:17:58.834123,,
352,48,43,https://quizizz.com/join?gc=750483&source=liveDashboard,text,0,2025-04-22 10:27:52.423623,,
353,48,35,ozaria.com/play/level/ch3m1l2cl1b?course=5e27600d1c9d440000ac3ee7&course-instance=67d94a788175a047ae326e06,text,0,2025-04-22 11:00:54.252406,,
354,48,24,https://www.ozaria.com/play/intro/ch3m1l2intro1b?course=5e27600d1c9d440000ac3ee7&course-instance=67d94a788175a047ae326e06,text,0,2025-04-22 11:03:15.020809,,
355,48,35,https://www.ozaria.com/play/intro/ch3m2l1intro3b?course=5e27600d1c9d440000ac3ee7&course-instance=67d94a788175a047ae326e06,text,0,2025-04-22 11:14:09.038164,,
356,48,24,https://www.ozaria.com/play/intro/ch3m1l2intro3b?course=5e27600d1c9d440000ac3ee7&course-instance=67d94a788175a047ae326e06,text,0,2025-04-22 11:27:03.823912,,
357,48,2,Game 1 - https://www.coolmathgames.com/0-99-balls,text,0,2025-04-22 11:40:36.096881,,
358,49,2,Game 1 - https://www.coolmathgames.com/0-99-balls,text,0,2025-04-22 11:40:43.514515,,
359,49,29,https://www.ozaria.com/play/intro/ch3m4l2intro1b?course=5e27600d1c9d440000ac3ee7&course-instance=67413c7a5bf99960f63228c6,text,0,2025-04-26 02:53:14.616198,,
360,49,2,Game 1 - https://www.coolmathgames.com/0-blcgr,text,0,2025-04-26 03:15:16.392909,,
361,50,2,Game 1 - https://www.coolmathgames.com/0-blcgr,text,0,2025-04-26 03:15:24.216345,,
362,50,2,https://codecombat.com/teachers/classes,text,0,2025-04-26 03:36:46.193991,,
363,54,108,http://codecombat.com/play/level/dungeons-of-kithgard?&course=560f1a9f22961295f9427742&course-instance=630cc1ed3dfad800254437c2,text,0,2025-04-26 03:54:54.809237,,
364,54,102,Here,text,0,2025-04-26 04:38:33.124534,,
365,54,22,hi,text,0,2025-04-26 07:12:01.584467,,
366,54,2,Game 1 - www.safekidgames.com/cleaner,text,0,2025-04-26 07:12:41.881710,,
367,54,36,hi,text,0,2025-04-26 07:13:27.213742,,
368,55,40,c,text,0,2025-04-26 08:00:50.621751,,
369,55,11,ckak,text,0,2025-04-26 08:19:18.824787,,
370,55,11,183.038404810405,text,0,2025-04-26 08:19:58.688876,,
371,55,2,"Game 1 - https://www.puzzleplayground.com/puzzle_numbers.html
Game 2 - https://www.coolmathgames.com/0-bounce",text,0,2025-04-26 08:49:12.397689,,
372,55,2,.,text,0,2025-04-26 16:11:31.351293,,
373,56,44,TTTTTTTTTTTTTTTTTTTTTTTTTTTTTTTTTTTTTTTTTTTTTTTTTTTTTTTTTTTTTTTTTTTTTTTTTTTTTTTTTTTTTTTTTTTTTTTTTTTTTTTTTTTTTTTTTTTTTTTTTTTTTTTTTTTTTTTTTTTTTTTTTTTTTTTTTTTTTTTTTTTTTTTTTTTTTTTTTTTTTTTTTTTTTTTTTTTTTTTTTTTTTTTTTTTTTTTTTTTTTTTTTTTTTTTTTTTTTTTTTTTTTTTTTTTTTTTTTTTTTTTTTTTTTTTTTTTTTTTTTTTTTTTTTTTTTTTTTTTTTTTTTTTTTTTTTTTTTTTTTTTTTTTTTTTTTTTTTTTTTTTTTTTTTTTTTTTTTTTTTTTTTTTTTTTTTTTTTTTTTTTTTTTTTTTTTTTTTTTTTTTTTTTTTTTTTTTTTTTTTTTTTTTTTTTTTTTTTTTTTTTTTTTTTTTTTTTTTTTTTTTTTTTTTTTTTTTTTTTTTTTTTTTTTTTTTTTTTTTTTTTTTTTTTTTTTTTTTTTTTTTTTTTTTTTTTTTTTTTTTTTTTTTTTTTTTTTTTTTTTTTTTTTTTTTTTTTTTTTTTTTTTTTTTTTTTTTTTTTTTTTTTTTTTTTTTTTTTTTTTTTTTTTTTTTTTTTTTTTTTTTTTTTTTTTTTTTTTTTTTTTTTTTTTTTTTTTTTTTTTTTTTTTTTTTTTTTTTTTTTTTT,text,0,2025-04-27 06:07:10.984715,,
374,56,2,system_message,text,0,2025-04-27 07:04:18.664716,,
375,57,2,"Game 1 - https://www.puzzleplayground.com/robot_start
Game 2 - https://www.cbc.ca/kids/games/play/box-kid",text,0,2025-04-27 07:11:27.872397,,
376,58,43,https://www.ozaria.com/play/intro/ch3m1l2outrob?course=5e27600d1c9d440000ac3ee7&course-instance=67d94a788175a047ae326e06,text,0,2025-04-29 10:15:02.174334,,
377,58,43,"ASDFGHNJMK,.",text,0,2025-04-29 10:52:21.459753,,
378,58,43,asdfghjkl;' dont know what this is,text,0,2025-04-29 10:52:55.736906,,
379,58,24,https://www.ozaria.com/play/intro/ch3m2l1intro1b?course=5e27600d1c9d440000ac3ee7&course-instance=67d94a788175a047ae326e06,text,0,2025-04-29 10:59:48.148534,,
380,58,24,https://www.ozaria.com/play/intro/ch3m2l1intro2b?course=5e27600d1c9d440000ac3ee7&course-instance=67d94a788175a047ae326e06,text,0,2025-04-29 11:03:39.373872,,
381,58,24,https://www.ozaria.com/play/intro/ch3m2l1intro2b?course=5e27600d1c9d440000ac3ee7&course-instance=67d94a788175a047ae326e06,text,0,2025-04-29 11:04:29.009058,,
382,58,2,"Game 1 -  kidlocoding.com/loops/littlefiretruck
Game 2 -  https://game.rodocodo.com/hour-of-code/",text,0,2025-04-29 11:04:39.298981,,
383,59,2,"Game 1 -  kidlocoding.com/loops/littlefiretruck
Game 2 -  https://game.rodocodo.com/hour-of-code/",text,0,2025-04-29 11:04:47.510380,,
384,59,2,https://www.kidlocoding.com/loops/littlefiretruck/,text,0,2025-04-29 11:07:44.184222,,
385,59,2,https://www.liveworksheets.com/w/en/computer-science/558307,text,0,2025-04-29 11:19:01.456018,,
386,59,43,https://www.liveworksheets.com/w/en/computer-science/558307,text,0,2025-04-29 11:21:34.400477,,
387,59,2,https://www.liveworksheets.com/w/en/computer-science/2266268,text,0,2025-05-03 02:31:49.636969,,
388,60,2,https://www.liveworksheets.com/w/en/computer-science/2266268,text,0,2025-05-03 02:31:55.560393,,
389,60,29,https://www.ozaria.com/play/intro/ch3m4l3intro2b?course=5e27600d1c9d440000ac3ee7&course-instance=67413c7a5bf99960f63228c6,text,0,2025-05-03 02:41:47.603493,,
390,60,2,https://codecombat.com/play/ladder/kings-gambit,text,0,2025-05-03 03:17:52.486751,,
391,61,2,"Hello benmega4096,

Congratulations! Your experience SAT1030 Game 1 has received a Premium Payout of 20 Robux.
This payout is calculated every day and reflects how much time Premium subscribers spend playing your experience.
To see future payouts, check out the Premium tab of your experience statistics or the Summary tab of your earnings.
This is a one-time notification only. If you have other experiences, they may also be earning Robux from Premium Payouts, which will be reflected in their respective experience statistics.
Click here to learn more about Premium Payouts!

Happy building!
- Roblox

This message was generated by roblox.com",text,0,2025-05-03 03:38:33.430084,,
392,61,2,https://www.coolmathgames.com/0-arrow-2-patterns,text,0,2025-05-03 04:52:35.429334,,
393,62,2,https://codecombat.com/play/ladder/kings-gambit,text,0,2025-05-03 07:07:55.588105,,
394,62,2,"KK Javascript code 3.5.25
t = 0
hero.wait(6.5)
hero.summon('knight', 4)
hero.summon('knight', 7)
hero.summon('knight', 8)
hero.summon('knight', 7)
hero.summon('knight', 8)
hero.summon('knight', 8)
""""""
hero.summon('queen', 1)
hero.summon('queen', 2)
hero.summon('queen', 1)
hero.summon('queen', 2)
""""""
t += 120
while True:
    enemy = hero.findEnemyUnits()
    enemy1 = hero.findEnemyUnits(1)
    if len(enemy1) > 0:
        for enemy in enemy1:
            if enemy.x < 25 and len(hero.findMyUnits(1)) < 1:
                hero.ability('placeCrate', 1, enemy.x)
                hero.ability('fling', 1)
                hero.summon('queen', 1)
                t += 30
    enemy2 = hero.findEnemyUnits(2)
    if enemy2:
        for enemy in enemy2:
            if enemy.x < 25 and len(hero.findMyUnits(2)) < 1:
                hero.ability('placeCrate', 2, enemy.x)
                hero.ability('fling', 2)
                hero.summon('queen', 2)
                t += 30
    enemy3 = hero.findEnemyUnits(3)
    if enemy3:
        for enemy in enemy3:
            if enemy.x < 25 and len(hero.findMyUnits(3)) < 1:
                hero.ability('placeCrate', 3, enemy.x)
                hero.ability('fling', 3)
                hero.summon('queen', 3)
                t += 30
    enemy5 = hero.findEnemyUnits(5)
    if enemy5:
        for enemy in enemy5:
            if enemy.x < 25 and len(hero.findMyUnits(5)) < 1:
                hero.ability('placeCrate', 5, enemy.x)
                hero.ability('fling', 5)
                hero.summon('queen', 5)
                t += 30
    enemy4 = hero.findEnemyUnits(4)
    if enemy4:
        for enemy in enemy4:
            if enemy.x < 30 and len(hero.findMyUnits(6)) < 1:
                hero.ability('placeCrate', 4, enemy.x)
                hero.ability('fling', 4)
                hero.summon('queen', 6)
                t += 30
    enemy6 = hero.findEnemyUnits(6)
    if len(enemy6) > 0:
        for enemy in enemy6:
            if enemy.x < 25 and len(hero.findMyUnits(6)) < 1:
                hero.ability('placeCrate', 6, enemy.x)
                hero.ability('fling', 6)
                hero.summon('queen', 6)
                t += 30
    enemy7 = hero.findEnemyUnits(7)
    if enemy7:
        for enemy in enemy7:
            if enemy.x < 25 and len(hero.findMyUnits(7)) < 1:
                hero.ability('placeCrate', 7, enemy.x)
                hero.ability('fling', 7)
                hero.summon('queen', 7)
                t += 30
    enemy8 = hero.findEnemyUnits(8)
    if enemy8:
        for enemy in enemy8:
            if enemy.x < 25 and len(hero.findMyUnits(8)) < 1:
                hero.ability('placeCrate', 8, enemy.x)
                hero.ability('fling', 8)
                hero.summon('queen', 8)
                t += 30
    
    if hero.time > 173:
        if t == 1760 or t == 1740 or t == 1780 or t == 1720 or t == 1700 or t == 1680:
            if len(enemy) > 0:
                hero.ability('fling', 5)
                hero.summon('bishop', 3)
                if nearestEnemy.row == 4:
                    hero.summon('pawn', 5)
                if nearestEnemy.row == 5:
                    hero.summon('pawn', 4)
                if nearestEnemy.row == 3:
                    hero.summon('pawn', 4)
                if nearestEnemy.row == 2:
                    hero.summon('pawn', 1)
                if nearestEnemy.row == 1:
                    hero.summon('pawn', 2)
            else:
                hero.summon('bishop', 3)
                hero.summon('pawn', 2)
                hero.summon('pawn', 2)
                hero.summon('pawn', 2)
                hero.summon('pawn', 2)
                hero.summon('pawn', 2)
        else:
            if len(enemy) > 0:
                hero.ability('fling', 5)
                #hero.summon('bishop', 3)
                if nearestEnemy.row == 4:
                    hero.summon('pawn', 5)
                if nearestEnemy.row == 5:
                    hero.summon('pawn', 4)
                if nearestEnemy.row == 3:
                    hero.summon('pawn', 4)
                if nearestEnemy.row == 2:
                    hero.summon('pawn', 1)
                if nearestEnemy.row == 1:
                    hero.summon('pawn', 2)
            else:
                #hero.summon('bishop', 3)
                hero.summon('pawn', 2)
                hero.summon('pawn', 2)
                hero.summon('pawn', 2)
                hero.summon('pawn', 2)
                hero.summon('pawn', 2)
    """"""
    enemies = hero.findEnemyUnits()
    rooks = hero.findEnemyUnits() and enemies.type == 'rook'
    if len(enemies) > 0 and enemies.type == 'rook':
        if rooks.row == 1:
            hero.ability('placeCrate', enemies.x, 1)
        elif rooks.row == 2:
            hero.ability('placeCrate', enemies.x, 2)
        elif rooks.row == 3:
            hero.ability('placeCrate', enemies.x, 3)
        elif rooks.row == 4:
            hero.ability('placeCrate', enemies.x, 4)
        elif rooks.row == 5:
            hero.ability('placeCrate', enemies.x, 5)
    """"""
    
    
    if enemy.type == 'queen':
        if len(enemy1) > len(hero.findMyUnits(1)):
            hero.ability('fling', 1)
        if len(enemy2) > len(hero.findMyUnits(2)):
            hero.ability('fling', 2)
        if len(enemy3) > len(hero.findMyUnits(3)):
            hero.ability('fling', 3)
        if len(enemy4) > len(hero.findMyUnits(4)):
            hero.ability('fling', 4)
        if len(enemy5) > len(hero.findMyUnits(5)):
            hero.ability('fling', 5)
    elif enemy.type == 'rook':
        if len(enemy1) > len(hero.findMyUnits(1)):
            hero.ability('fling', 1)
        if len(enemy2) > len(hero.findMyUnits(2)):
            hero.ability('fling', 2)
        if len(enemy3) > len(hero.findMyUnits(3)):
            hero.ability('fling', 3)
        if len(enemy4) > len(hero.findMyUnits(4)):
            hero.ability('fling', 4)
        if len(enemy5) > len(hero.findMyUnits(5)):
            hero.ability('fling', 5)
    elif enemy.type == 'bishop':
        if len(enemy1) > len(hero.findMyUnits(1)):
            hero.ability('fling', 1)
        if len(enemy2) > len(hero.findMyUnits(2)):
            hero.ability('fling', 2)
        if len(enemy3) > len(hero.findMyUnits(3)):
            hero.ability('fling', 3)
        if len(enemy4) > len(hero.findMyUnits(4)):
            hero.ability('fling', 4)
        if len(enemy5) > len(hero.findMyUnits(5)):
            hero.ability('fling', 5)
    elif enemy.type == 'pawn':
        if len(enemy1) > len(hero.findMyUnits(1)):
            hero.ability('fling', 1)
        if len(enemy2) > len(hero.findMyUnits(2)):
            hero.ability('fling', 2)
        if len(enemy3) > len(hero.findMyUnits(3)):
            hero.ability('fling', 3)
        if len(enemy4) > len(hero.findMyUnits(4)):
            hero.ability('fling', 4)
        if len(enemy5) > len(hero.findMyUnits(5)):
            hero.ability('fling', 5)
    unit = hero.findMyUnits()
    unit1 = hero.findMyUnits(1)
    unit2 = hero.findMyUnits(2)
    unit3 = hero.findMyUnits(3)
    unit4 = hero.findMyUnits(4)
    unit5 = hero.findMyUnits(5)
    #if len(units) > 0:
    if len(unit1) > 0 and len(unit1) < 2:
        for unit in unit1:
            if unit.x > 67:
                hero.summon('pawn', 1)
                t += 20
                hero.ability('sacrifice', 1)
    elif len(unit2) > 0 and len(unit2) < 2:
        for unit in unit2:
            if unit.x > 67:
                hero.summon('pawn', 2)
                t += 20
                hero.ability('sacrifice', 2)
    elif len(unit3) > 0:
        for unit in unit3:
            if unit.x > 67 and len(unit3) < 2:
                hero.summon('pawn', 3)
                t += 20
                hero.ability('sacrifice', 3)
    elif len(unit4) > 0:
        for unit in unit4:
            if unit.x > 67 and len(unit4) < 2:
                hero.summon('pawn', 4)
                t += 20
                hero.ability('sacrifice', 4)
    elif len(unit5) > 0 and len(unit5) < 2:
        for unit in unit5:
            if unit.x > 67:
                hero.summon('pawn', 5)
                t += 20
                hero.ability('sacrifice', 5)
    enemies = hero.findEnemyUnits()
    nearestEnemy = enemies[0]
    for enemy in enemies:
        if enemy.x < nearestEnemy.x:
            nearestEnemy = enemy
    enemies = hero.findEnemyUnits()
    if hero.gold > 135:
        if len(enemies) > 0:
            if nearestEnemy.row == 1:
                hero.summon('queen', 2)
                if len(hero.findMyUnits(3)) < 1:
                    hero.summon('queen', 3)
                else:
                    hero.summon('queen', 4)
                t += 110
            elif nearestEnemy.row == 2:
                hero.summon('queen', 1)
                if len(hero.findMyUnits(3)) < 1:
                    hero.summon('queen', 3)
                else:
                    hero.summon('queen', 4)
                t += 110
            elif nearestEnemy.row == 3:
                hero.summon('queen', 4)
                if len(hero.findMyUnits(2)) < 1:
                    hero.summon('queen', 2)
                else:
                    hero.summon('queen', 1)
                t += 110
            elif nearestEnemy.row == 4:
                hero.summon('queen', 5)
                if len(hero.findMyUnits(3)) < 1:
                    hero.summon('queen', 3)
                else:
                    hero.summon('queen', 2)
                t += 110
            elif nearestEnemy.row == 5:
                hero.summon('queen', 4)
                if len(hero.findMyUnits(6)) < 1:
                    hero.summon('queen', 6)
                else:
                    hero.summon('queen', 7)
                t += 110
            elif nearestEnemy.row == 6:
                hero.summon('queen', 5)
                if len(hero.findMyUnits(7)) < 1:
                    hero.summon('queen', 7)
                else:
                    hero.summon('queen', 8)
                t += 110
            elif nearestEnemy.row == 7:
                hero.summon('queen', 8)
                if len(hero.findMyUnits(6)) < 1:
                    hero.summon('queen', 6)
                else:
                    hero.summon('queen', 5)
                t += 110
            elif nearestEnemy.row == 8:
                hero.summon('queen', 7)
                if len(hero.findMyUnits(6)) < 1:
                    hero.summon('queen', 6)
                else:
                    hero.summon('queen', 5)
                t += 110
        else:
            hero.summon('knight', 2)
            hero.summon('knight', 3)
            hero.summon('knight', 4)
            hero.summon('knight', 6)
            hero.summon('knight', 7)
            hero.summon('knight', 5)
            t += 120
    """"""
    elif len(enemies) == 2:
        if hero.gold > 9:
            if len(enemy1) > 0:
                hero.summon('rook', 1)
                t += 30
                t += 20
            if len(enemy2) > 0:
                hero.summon('rook', 2)
                t += 30
                t += 20
            if len(enemy3) > 0:
                hero.summon('rook', 3)
                t += 30
                t += 20
            if len(enemy4) > 0:
                hero.summon('rook', 4)
                t += 30
                t += 20
            if len(enemy5) > 0:
                hero.summon('rook', 5)
                t += 30
                t += 20
    """"""
    enemies = hero.findEnemyUnits()
    lowestEnemy = enemies[0]
    for enemy in enemies:
        if enemy.health < lowestEnemy.health:
            lowestEnemy = enemy
    #enemies = hero.findEnemyUnits()
    """"""
    if enemy and enemy.health <= 5:
        if hero.gold > 19:
            if len(enemies) > 0:
                if lowestEnemy.row == 1 and len(hero.findMyUnits(2)) < 1:
                    #hero.summon('rook', 1)
                    hero.summon('pawn', 2)
                    # hero.summon('pawn', 1)
                    #hero.summon('bishop', 3)
                    t += 20
                elif lowestEnemy.row == 2 and len(hero.findMyUnits(1)) < 1:
                    #hero.summon('rook', 2)
                    hero.summon('pawn', 1)
                    #hero.summon('pawn', 3)
                    t += 20
                elif lowestEnemy.row == 3 and len(hero.findMyUnits(2)) < 1:
                    #hero.summon('rook', 3)
                    hero.summon('pawn', 2)
                    #hero.summon('pawn', 4)
                    #hero.summon('bishop', 4)
                    t += 20
                elif lowestEnemy.row == 4 and len(hero.findMyUnits(3)) < 1:
                    #hero.summon('rook', 4)
                    #hero.summon('bishop', 5)
                    hero.summon('pawn', 3)
                    # hero.summon('pawn', 5)
                    t += 20
                elif lowestEnemy.row == 5 and len(hero.findMyUnits(4)) < 1:
                    #hero.summon('rook', 5)
                    hero.summon('pawn', 4)
                    #hero.summon('pawn', 5)
                    #hero.summon('pawn', 3)
                    t += 20",text,0,2025-05-03 07:09:46.459045,,
395,63,2,https://www.speedtypingonline.com/games/type-the-alphabet.php,text,0,2025-05-03 07:32:54.275070,,
396,63,44,https://www.ozaria.com/certificates/632460a304206a0023b48456?class=649aa3c078e45600c77de578&course=5d8a57abe8919b28d5113af1&course-instance=652244957bad2e00180c6994,text,0,2025-05-04 06:24:19.012079,,
397,64,2,https://play2048.co/,text,0,2025-05-04 07:18:25.699131,,
398,65,2,"import csv
import random

def get_random_problem(csv_file, difficulty_level):
    with open(csv_file, newline='') as f:
        reader = csv.DictReader(f)
        problems = [row for row in reader if int(row['difficulty']) == difficulty_level]

    return random.choice(problems) if problems else None",text,0,2025-05-06 09:28:16.068588,,
399,66,42,How do I earn ducks,text,0,2025-05-06 10:36:32.666077,,
400,66,42,QUACK QUACK QUACK QUACK QUACK QUACK QUACK QUACK QUACK QUACK QUACK QUACK QUACK QUACK QUACK QUACK QUACK QUACK QUACK QUACK QUACK QUACK QUACK QUACK QUACK QUACK QUACK QUACK QUACK QUACK QUACK QUACK QUACK QUACK QUACK QUACK QUACK QUACK QUACK QUACK QUACK QUACK QUACK QUACK QUACK QUACK QUACK QUACK QUACK QUACK QUACK QUACK QUACK QUACK QUACK QUACK QUACK QUACK QUACK QUACK QUACK QUACK QUACK QUACK QUACK QUACK QUACK QUACK QUACK QUACK QUACK QUACK QUACK QUACK QUACK QUACK QUACK QUACK QUACK QUACK QUACK QUACK QUACK QUACK QUACK QUACK QUACK QUACK QUACK QUACK QUACK QUACK QUACK QUACK QUACK QUACK QUACK QUACK QUACK QUACK QUACK QUACK QUACK QUACK QUACK QUACK QUACK QUACK QUACK QUACK QUACK QUACK QUACK QUACK QUACK QUACK QUACK QUACK QUACK QUACK QUACK QUACK QUACK QUACK QUACK QUACK QUACK QUACK QUACK QUACK QUACK QUACK QUACK QUACK QUACK QUACK QUACK QUACK QUACK QUACK QUACK QUACK QUACK QUACK QUACK QUACK QUACK QUACK,text,0,2025-05-06 10:37:10.673756,,
401,66,42,how do I increase the number of digital ducks that I have,text,0,2025-05-06 10:41:24.337733,,
402,67,24,https://www.ozaria.com/play/intro/ch3m2l2intro1b?course=5e27600d1c9d440000ac3ee7&course-instance=67d94a788175a047ae326e06,text,0,2025-05-06 11:08:43.732595,,
403,67,24,https://www.ozaria.com/play/intro/ch3m2l2intro1b?course=5e27600d1c9d440000ac3ee7&course-instance=67d94a788175a047ae326e06,text,0,2025-05-06 11:09:08.454434,,
404,67,43,https://www.ozaria.com/play/intro/ch3m2l2intro1b?course=5e27600d1c9d440000ac3ee7&course-instance=67d94a788175a047ae326e06,text,0,2025-05-06 11:11:27.894169,,
405,67,43,asdfghjkl;',text,0,2025-05-06 11:40:32.425877,,
406,67,43,https://www.countryliving.com/life/a27452412/best-dad-jokes/ watch this,text,0,2025-05-06 11:41:20.744902,,
407,67,46,stop it,text,0,2025-05-06 11:42:39.057065,,
408,67,35,skjvhdciuvwjncvfm,text,0,2025-05-06 11:43:36.474716,,
409,67,35,"afjhfusahfuhskjfkfabsiygufkhfugasdfbkasgdifyakufhkagsdtufvubfkhsdygfkufhuiaygsyif
\",text,0,2025-05-06 11:43:47.839561,,
410,67,24,"haaaaaaaaaaaaaaaaaaaaaaaaaaaaaaaaaaaaaaaaaaaaaaaaaaaaaaaaaaaaaaaaaaaaaaaaaaaaaaaaaaaaaaaaaaaaaaaaaaaaaaaaaaaaaaaaaaaaaaaaaaaaaaaaaaaaaaaaaaaaaaaaaaaaaaaaaaaaaaaaaaaaaaaaaaaaaaaaaaaaaaaaaaaaaaaaaaaaaaaaaaaaaaaaaaaaaaaaaaaaaaaaaaaaaaaaaaaaaaaaaaaaaaaaaaaaaaaaaaaaaaaaaaaa!!!!!!!!!!!!!!!!!!!!!!!!!!!!!!!!!!!!!!!!!!!!!!!!!!!!!!!!!!!!!!!!!!!!!!!!!!!!!!!!!!!!!!!!!!!!!!!!!!!!!!!!!!!!!!!!!!!!!!!!!!!!!!!!!!!!!!!!!!!!!!!!!!!!!!!!!!!!!!!!!!!!!!!!!!!!!!!!!!!!!!!!!!!!!!!!!!!!!!!!!!!!!!!!!!!!!!!!!!!!!!!!!!!!!!!!!!!!!!!!!!!!!!!!!!!!!!!!!!!!!!!!!!!!!!!!!!!!!!!!!!!!!!!!!!!!!!!!!!!!!!!!!!!!!!!!!!!!!!!!!!!!!!!!!!!!!!!!!!!!!!!!!!!!!!!!!!!!!!!!!!!!!!!!!!!!!!!!!!!!!!!!!!!!!!!!!!!!!!!!!!!!!!!!!!!!!!!!!!!!!!!!!!!!!!!!QQQQQQQQQQQQQQQQQQQQQQQQQ!!!!!!!!!!!!!!!!!!!!!!!turdsodieujkfloieko.p/o69yitgufdki89toyujyuifrltiy8r6iiueo8ikygjhyuji,lkjugi8o90poijpy.;hoiuiopulo987p-[p;ljhio;ply,kihop;.;/p]h'j;kpf;l'i/[polt98ui95htoiyuitpoyyuioy9lytj;k'pkjgithoiohikhlotikjyliotkgjhyuti8uijgjhfdkjhgjfhjfkgjfgfdgfgtgdgjtfgjhfgfjkgfkjgtjykklklhtyhtttttttgrhrkfrkurfjkejkhjkttkgjufkjgkfugkjfm'",text,0,2025-05-06 11:44:12.159598,,
411,67,2,https://www.roblox.com/games/105781809844000/SAT1030-Game-1,text,0,2025-05-10 02:02:54.335425,,
412,68,2,https://www.roblox.com/games/105781809844000/SAT1030-Game-1,text,0,2025-05-10 02:03:04.102838,,
413,68,29,https://www.ozaria.com/play/intro/ch3m5l1intro1b?course=5e27600d1c9d440000ac3ee7&course-instance=67413c7a5bf99960f63228c6,text,0,2025-05-10 03:15:04.867751,,
414,68,2,https://www.logicgamesonline.com/lightsout/,text,0,2025-05-10 03:17:20.894165,,
